gender,face_shape,hair_type,hair_length,hairstyle,image
Женщина,Овальное,Волнистые,Длинные,Боб-каре,images/боб-каре.jpg
Мужчина,Круглое,Кудрявые,Короткие,Текстурированный кроп,images/текстурированный_кроп.jpg
Мужчина,Сердцеобразное,Прямые,Средние,Полубокс,images/полубокс.jpg
Мужчина,Овальное,Волнистые,Короткие,Цезарь,images/цезарь.jpg
Мужчина,Квадратное,Волнистые,Длинные,Бокс,images/бокс.jpg
Мужчина,Круглое,Прямые,Короткие,Андеркат с челкой,images/андеркат_с_челкой.jpg
Мужчина,Овальное,Кудрявые,Длинные,Гитлерюгенд,images/гитлерюгенд.jpg
Женщина,Квадратное,Кудрявые,Длинные,Французская коса,images/французская_коса.jpg
Мужчина,Круглое,Волнистые,Средние,Fade,images/fade.jpg
Женщина,Квадратное,Кудрявые,Длинные,Волнистый лоб,images/волнистый_лоб.jpg
Женщина,Овальное,Кудрявые,Длинные,Пучок,images/пучок.jpg
Мужчина,Квадратное,Волнистые,Длинные,Полубокс,images/полубокс.jpg
Женщина,Сердцеобразное,Прямые,Длинные,Пучок,images/пучок.jpg
Мужчина,Квадратное,Прямые,Короткие,Undercut,images/undercut.jpg
Мужчина,Круглое,Кудрявые,Короткие,Текстурированный кроп,images/текстурированный_кроп.jpg
Мужчина,Овальное,Кудрявые,Длинные,Текстурированный кроп,images/текстурированный_кроп.jpg
Мужчина,Овальное,Волнистые,Длинные,Текстурированный кроп,images/текстурированный_кроп.jpg
Женщина,Овальное,Кудрявые,Короткие,Романтичные локоны,images/романтичные_локоны.jpg
Женщина,Круглое,Прямые,Длинные,Волнистый лоб,images/волнистый_лоб.jpg
Женщина,Квадратное,Волнистые,Средние,Французская коса,images/французская_коса.jpg
Женщина,Сердцеобразное,Кудрявые,Длинные,Боб-каре,images/боб-каре.jpg
Женщина,Овальное,Кудрявые,Длинные,Пикси,images/пикси.jpg
Мужчина,Квадратное,Прямые,Средние,Undercut,images/undercut.jpg
Мужчина,Сердцеобразное,Кудрявые,Короткие,Гитлерюгенд,images/гитлерюгенд.jpg
Мужчина,Сердцеобразное,Кудрявые,Длинные,Гитлерюгенд,images/гитлерюгенд.jpg
Мужчина,Квадратное,Кудрявые,Длинные,Undercut,images/undercut.jpg
Женщина,Квадратное,Прямые,Средние,Лесенка,images/лесенка.jpg
Женщина,Овальное,Волнистые,Длинные,Боб-каре,images/боб-каре.jpg
Мужчина,Овальное,Прямые,Средние,Гитлерюгенд,images/гитлерюгенд.jpg
Женщина,Сердцеобразное,Кудрявые,Короткие,Французская коса,images/французская_коса.jpg
Мужчина,Овальное,Волнистые,Длинные,Гитлерюгенд,images/гитлерюгенд.jpg
Женщина,Овальное,Кудрявые,Длинные,Каскад,images/каскад.jpg
Мужчина,Сердцеобразное,Волнистые,Средние,Андеркат с челкой,images/андеркат_с_челкой.jpg
Мужчина,Овальное,Волнистые,Короткие,Полубокс,images/полубокс.jpg
Женщина,Квадратное,Кудрявые,Средние,Лесенка,images/лесенка.jpg
Мужчина,Круглое,Волнистые,Длинные,Андеркат с челкой,images/андеркат_с_челкой.jpg
Женщина,Круглое,Прямые,Средние,Волнистый лоб,images/волнистый_лоб.jpg
Женщина,Овальное,Кудрявые,Средние,Каре,images/каре.jpg
Мужчина,Квадратное,Кудрявые,Короткие,Цезарь,images/цезарь.jpg
Мужчина,Круглое,Волнистые,Короткие,Канадка,images/канадка.jpg
Мужчина,Квадратное,Кудрявые,Короткие,Цезарь,images/цезарь.jpg
Мужчина,Овальное,Прямые,Длинные,Полубокс,images/полубокс.jpg
Мужчина,Квадратное,Волнистые,Длинные,Канадка,images/канадка.jpg
Мужчина,Сердцеобразное,Прямые,Длинные,Бокс,images/бокс.jpg
Мужчина,Круглое,Кудрявые,Средние,Полубокс,images/полубокс.jpg
Женщина,Квадратное,Прямые,Короткие,Романтичные локоны,images/романтичные_локоны.jpg
Мужчина,Сердцеобразное,Прямые,Длинные,Гитлерюгенд,images/гитлерюгенд.jpg
Мужчина,Квадратное,Кудрявые,Длинные,Полубокс,images/полубокс.jpg
Женщина,Овальное,Волнистые,Длинные,Шиньон,images/шиньон.jpg
Женщина,Овальное,Прямые,Средние,Пучок,images/пучок.jpg
Женщина,Сердцеобразное,Волнистые,Средние,Боб-каре,images/боб-каре.jpg
Мужчина,Сердцеобразное,Прямые,Короткие,Fade,images/fade.jpg
Женщина,Круглое,Прямые,Средние,Пикси,images/пикси.jpg
Мужчина,Круглое,Прямые,Короткие,Текстурированный кроп,images/текстурированный_кроп.jpg
Мужчина,Круглое,Прямые,Длинные,Полубокс,images/полубокс.jpg
Женщина,Сердцеобразное,Кудрявые,Длинные,Пучок,images/пучок.jpg
Мужчина,Квадратное,Волнистые,Длинные,Андеркат с челкой,images/андеркат_с_челкой.jpg
Мужчина,Сердцеобразное,Кудрявые,Длинные,Fade,images/fade.jpg
Женщина,Квадратное,Волнистые,Длинные,Каскад,images/каскад.jpg
Мужчина,Сердцеобразное,Волнистые,Короткие,Бокс,images/бокс.jpg
Мужчина,Сердцеобразное,Кудрявые,Длинные,Полубокс,images/полубокс.jpg
Мужчина,Сердцеобразное,Прямые,Средние,Fade,images/fade.jpg
Мужчина,Овальное,Кудрявые,Средние,Гитлерюгенд,images/гитлерюгенд.jpg
Женщина,Овальное,Кудрявые,Короткие,Каре,images/каре.jpg
Женщина,Квадратное,Прямые,Средние,Шиньон,images/шиньон.jpg
Женщина,Круглое,Волнистые,Короткие,Волнистый лоб,images/волнистый_лоб.jpg
Женщина,Квадратное,Прямые,Короткие,Боб-каре,images/боб-каре.jpg
Женщина,Сердцеобразное,Волнистые,Короткие,Пучок,images/пучок.jpg
Мужчина,Овальное,Кудрявые,Длинные,Гитлерюгенд,images/гитлерюгенд.jpg
Мужчина,Сердцеобразное,Кудрявые,Длинные,Андеркат с челкой,images/андеркат_с_челкой.jpg
